,Team,Game,Date,Home,Opponent,WINorLOSS,TeamPoints,OpponentPoints,FieldGoals,FieldGoalsAttempted,FieldGoals.,X3PointShots,X3PointShotsAttempted,X3PointShots.,FreeThrows,FreeThrowsAttempted,FreeThrows.,OffRebounds,TotalRebounds,Assists,Steals,Blocks,Turnovers,TotalFouls,Opp.FieldGoals,Opp.FieldGoalsAttempted,Opp.FieldGoals.,Opp.3PointShots,Opp.3PointShotsAttempted,Opp.3PointShots.,Opp.FreeThrows,Opp.FreeThrowsAttempted,Opp.FreeThrows.,Opp.OffRebounds,Opp.TotalRebounds,Opp.Assists,Opp.Steals,Opp.Blocks,Opp.Turnovers,Opp.TotalFouls
67100,HOU,67,12/03/18,Home,SAS,W,109,93,39,80,0.488,13,44,0.295,18,23,0.783,9,50,24,6,4,15,24,33,81,0.407,11,28,0.393,16,23,0.696,7,36,20,5,2,13,17
67104,MEM,67,12/03/18,Home,MIL,L,103,121,42,89,0.472,9,27,0.333,10,19,0.526,10,31,27,6,5,9,23,47,81,0.58,12,25,0.48,15,22,0.682,11,47,33,6,5,18,22
68105,MIA,68,12/03/18,Away,POR,L,99,115,39,91,0.429,10,31,0.323,11,16,0.688,10,46,24,6,4,11,24,38,83,0.458,14,36,0.389,25,30,0.833,9,50,23,5,6,12,15
67106,MIL,67,12/03/18,Away,MEM,W,121,103,47,81,0.58,12,25,0.48,15,22,0.682,11,47,33,6,5,18,22,42,89,0.472,9,27,0.333,10,19,0.526,10,31,27,6,5,9,23
69110,OKC,69,12/03/18,Home,SAC,W,106,101,38,84,0.452,16,36,0.444,14,18,0.778,5,43,21,5,6,10,15,38,93,0.409,12,33,0.364,13,16,0.813,13,49,21,8,6,11,22
67114,POR,67,12/03/18,Home,MIA,W,115,99,38,83,0.458,14,36,0.389,25,30,0.833,9,50,23,5,6,12,15,39,91,0.429,10,31,0.323,11,16,0.688,10,46,24,6,4,11,24
68115,SAC,68,12/03/18,Away,OKC,L,101,106,38,93,0.409,12,33,0.364,13,16,0.813,13,49,21,8,6,11,22,38,84,0.452,16,36,0.444,14,18,0.778,5,43,21,5,6,10,15
67116,SAS,67,12/03/18,Away,HOU,L,93,109,33,81,0.407,11,28,0.393,16,23,0.696,7,36,20,5,2,13,17,39,80,0.488,13,44,0.295,18,23,0.783,9,50,24,6,4,15,24
5892,BRK,58,12/02/18,Home,LAC,L,101,114,41,89,0.461,12,40,0.3,7,10,0.7,10,37,27,10,6,12,15,48,85,0.565,6,16,0.375,12,14,0.857,8,43,19,8,6,15,14
5694,CHI,56,12/02/18,Home,ORL,W,105,101,40,88,0.455,9,32,0.281,16,21,0.762,11,46,25,6,3,11,13,37,84,0.44,10,31,0.323,17,19,0.895,7,39,24,8,7,9,18
5698,DET,56,12/02/18,Home,NOP,L,103,118,35,95,0.368,9,35,0.257,24,32,0.75,14,54,18,5,3,14,19,44,100,0.44,14,34,0.412,16,16,1,10,53,31,6,7,11,25
5799,GSW,57,12/02/18,Home,PHO,W,129,83,52,89,0.584,11,26,0.423,14,21,0.667,7,49,36,8,16,11,18,33,95,0.347,3,23,0.13,14,22,0.636,15,47,13,2,3,15,17
55102,LAC,55,12/02/18,Away,BRK,W,114,101,48,85,0.565,6,16,0.375,12,14,0.857,8,43,19,8,6,15,14,41,89,0.461,12,40,0.3,7,10,0.7,10,37,27,10,6,12,15
56108,NOP,56,12/02/18,Away,DET,W,118,103,44,100,0.44,14,34,0.412,16,16,1,10,53,31,6,7,11,25,35,95,0.368,9,35,0.257,24,32,0.75,14,54,18,5,3,14,19
58109,NYK,58,12/02/18,Away,PHI,L,92,108,31,79,0.392,6,24,0.25,24,28,0.857,7,33,16,5,4,19,22,41,75,0.547,10,19,0.526,16,24,0.667,7,37,27,13,6,17,22
56111,ORL,56,12/02/18,Away,CHI,L,101,105,37,84,0.44,10,31,0.323,17,19,0.895,7,39,24,8,7,9,18,40,88,0.455,9,32,0.281,16,21,0.762,11,46,25,6,3,11,13
54112,PHI,54,12/02/18,Home,NYK,W,108,92,41,75,0.547,10,19,0.526,16,24,0.667,7,37,27,13,6,17,22,31,79,0.392,6,24,0.25,24,28,0.857,7,33,16,5,4,19,22
58113,PHO,58,12/02/18,Away,GSW,L,83,129,33,95,0.347,3,23,0.13,14,22,0.636,15,47,13,2,3,15,17,52,89,0.584,11,26,0.423,14,21,0.667,7,49,36,8,16,11,18
58116,SAS,58,12/02/18,Away,UTA,L,99,101,38,85,0.447,6,25,0.24,17,25,0.68,8,44,23,5,8,11,24,35,84,0.417,11,24,0.458,20,30,0.667,9,43,15,7,5,9,24
57118,UTA,57,12/02/18,Home,SAS,W,101,99,35,84,0.417,11,24,0.458,20,30,0.667,9,43,15,7,5,9,24,38,85,0.447,6,25,0.24,17,25,0.68,8,44,23,5,8,11,24
42106,ATL,42,12/01/18,Home,BRK,L,105,110,37,80,0.463,11,28,0.393,20,26,0.769,8,46,21,6,3,18,25,40,87,0.46,13,34,0.382,17,26,0.654,13,43,29,8,1,14,24
42108,BRK,42,12/01/18,Away,ATL,W,110,105,40,87,0.46,13,34,0.382,17,26,0.654,13,43,29,8,1,14,24,37,80,0.463,11,28,0.393,20,26,0.769,8,46,21,6,3,18,25
4093,CHO,40,12/01/18,Home,UTA,W,99,88,32,78,0.41,9,27,0.333,26,34,0.765,8,46,17,8,2,12,19,28,77,0.364,12,35,0.343,20,23,0.87,8,45,19,5,8,14,26
42111,CLE,42,12/01/18,Away,IND,L,95,97,37,85,0.435,7,34,0.206,14,19,0.737,9,46,19,12,5,11,15,39,85,0.459,10,21,0.476,9,12,0.75,6,44,16,5,4,14,18
42113,DEN,42,12/01/18,Home,MEM,W,87,78,27,70,0.386,7,22,0.318,26,32,0.813,12,47,15,8,3,14,18,30,77,0.39,7,24,0.292,11,14,0.786,8,36,17,8,5,14,28
43102,GSW,43,12/01/18,Away,MIL,W,108,94,44,79,0.557,5,15,0.333,15,18,0.833,10,43,28,7,3,11,13,36,85,0.424,11,28,0.393,11,12,0.917,8,33,21,9,6,12,20
41139,HOU,41,12/01/18,Away,PHO,W,112,95,39,94,0.415,15,47,0.319,19,22,0.864,14,53,18,11,4,11,14,37,80,0.463,14,33,0.424,7,9,0.778,4,38,27,5,3,19,19
42117,IND,42,12/01/18,Home,CLE,W,97,95,39,85,0.459,10,21,0.476,9,12,0.75,6,44,16,5,4,14,18,37,85,0.435,7,34,0.206,14,19,0.737,9,46,19,12,5,11,15
41143,MEM,41,12/01/18,Away,DEN,L,78,87,30,77,0.39,7,24,0.292,11,14,0.786,8,36,17,8,5,14,28,27,70,0.386,7,22,0.318,26,32,0.813,12,47,15,8,3,14,18
41145,MIL,41,12/01/18,Home,GSW,L,94,108,36,85,0.424,11,28,0.393,11,12,0.917,8,33,21,9,6,12,20,44,79,0.557,5,15,0.333,15,18,0.833,10,43,28,7,3,11,13
44107,MIN,44,12/01/18,Home,NYK,W,118,108,49,95,0.516,10,27,0.37,10,16,0.625,16,43,33,12,4,12,12,45,83,0.542,12,24,0.5,6,9,0.667,9,36,25,6,6,16,17
41147,NOP,41,12/01/18,Home,POR,W,119,113,45,82,0.549,7,19,0.368,22,23,0.957,9,43,26,7,6,18,16,45,101,0.446,12,42,0.286,11,14,0.786,14,39,24,13,6,11,22
42125,NYK,42,12/01/18,Away,MIN,L,108,118,45,83,0.542,12,24,0.5,6,9,0.667,9,36,25,6,6,16,17,49,95,0.516,10,27,0.37,10,16,0.625,16,43,33,12,4,12,12
43114,ORL,43,12/01/18,Away,WAS,L,119,125,41,80,0.513,12,29,0.414,25,31,0.806,12,40,32,7,3,15,21,54,95,0.568,4,16,0.25,13,19,0.684,14,41,26,9,6,11,22
43116,PHO,43,12/01/18,Home,HOU,L,95,112,37,80,0.463,14,33,0.424,7,9,0.778,4,38,27,5,3,19,19,39,94,0.415,15,47,0.319,19,22,0.864,14,53,18,11,4,11,14
42130,POR,42,12/01/18,Away,NOP,L,113,119,45,101,0.446,12,42,0.286,11,14,0.786,14,39,24,13,6,11,22,45,82,0.549,7,19,0.368,22,23,0.957,9,43,26,7,6,18,16
42134,UTA,42,12/01/18,Away,CHO,L,88,99,28,77,0.364,12,35,0.343,20,23,0.87,8,45,19,5,8,14,26,32,78,0.41,9,27,0.333,26,34,0.765,8,46,17,8,2,12,19
42135,WAS,42,12/01/18,Home,ORL,W,125,119,54,95,0.568,4,16,0.25,13,19,0.684,14,41,26,9,6,11,22,41,80,0.513,12,29,0.414,25,31,0.806,12,40,32,7,3,15,21
2996,DAL,29,14/12/17,Away,GSW,L,97,112,37,82,0.451,10,29,0.345,13,17,0.765,8,31,25,7,1,11,16,47,78,0.603,11,22,0.5,7,9,0.778,4,41,35,7,4,16,22
2898,DET,28,14/12/17,Away,ATL,W,105,91,41,90,0.456,13,30,0.433,10,12,0.833,14,46,26,10,3,15,23,32,70,0.457,11,31,0.355,16,26,0.615,7,34,28,6,6,16,12
2999,GSW,29,14/12/17,Home,DAL,W,112,97,47,78,0.603,11,22,0.5,7,9,0.778,4,41,35,7,4,16,22,37,82,0.451,10,29,0.345,13,17,0.765,8,31,25,7,1,11,16
27103,LAL,27,14/12/17,Away,CLE,L,112,121,47,95,0.495,9,31,0.29,9,14,0.643,16,49,33,7,3,18,20,43,86,0.5,15,36,0.417,20,25,0.8,8,39,32,10,5,14,16
29107,MIN,29,14/12/17,Home,SAC,W,119,96,46,82,0.561,10,21,0.476,17,20,0.85,8,39,29,12,9,9,19,36,87,0.414,14,33,0.424,10,12,0.833,15,42,24,4,2,14,21
28109,NYK,28,14/12/17,Away,BRK,W,111,104,41,89,0.461,10,20,0.5,19,22,0.864,12,40,23,11,4,13,23,37,83,0.446,12,42,0.286,18,23,0.783,11,43,21,10,4,17,21
28115,SAC,28,14/12/17,Away,MIN,L,96,119,36,87,0.414,14,33,0.424,10,12,0.833,15,42,24,4,2,14,21,46,82,0.561,10,21,0.476,17,20,0.85,8,39,29,12,9,9,19
3091,BOS,30,13/12/17,Home,DEN,W,124,118,47,79,0.595,11,25,0.44,19,24,0.792,4,30,29,10,7,13,20,45,91,0.495,9,28,0.321,19,26,0.731,20,48,22,8,4,15,20
2793,CHO,27,13/12/17,Away,HOU,L,96,108,36,87,0.414,4,21,0.19,20,27,0.741,12,56,14,4,5,12,15,39,88,0.443,17,45,0.378,13,19,0.684,6,45,24,7,5,10,18
2794,CHI,27,13/12/17,Home,UTA,W,103,100,41,93,0.441,7,17,0.412,14,21,0.667,9,46,21,9,3,9,14,42,91,0.462,9,30,0.3,7,7,1,5,48,24,3,8,16,19
2897,DEN,28,13/12/17,Away,BOS,L,118,124,45,91,0.495,9,28,0.321,19,26,0.731,20,48,22,8,4,15,20,47,79,0.595,11,25,0.44,19,24,0.792,4,30,29,10,7,13,20
26100,HOU,26,13/12/17,Home,CHO,W,108,96,39,88,0.443,17,45,0.378,13,19,0.684,6,45,24,7,5,10,18,36,87,0.414,4,21,0.19,20,27,0.741,12,56,14,4,5,12,15
28101,IND,28,13/12/17,Home,OKC,L,95,100,40,89,0.449,11,31,0.355,4,6,0.667,11,42,18,11,7,13,21,36,88,0.409,13,29,0.448,15,24,0.625,17,52,26,10,6,13,12
26102,LAC,26,13/12/17,Away,ORL,W,106,95,39,88,0.443,12,26,0.462,16,20,0.8,6,51,25,10,6,8,19,37,88,0.42,9,27,0.333,12,21,0.571,7,45,24,6,6,12,13
28104,MEM,28,13/12/17,Away,WAS,L,87,93,31,81,0.383,10,28,0.357,15,16,0.938,10,47,18,6,2,16,23,36,77,0.468,9,22,0.409,12,24,0.5,6,44,21,7,8,15,22
27105,MIA,27,13/12/17,Home,POR,L,95,102,34,72,0.472,13,30,0.433,14,23,0.609,10,36,19,6,1,15,21,36,72,0.5,10,28,0.357,20,23,0.87,5,33,14,7,2,11,21
26106,MIL,26,13/12/17,Away,NOP,L,108,115,44,95,0.463,8,27,0.296,12,19,0.632,15,38,23,14,5,9,13,45,80,0.563,13,25,0.52,12,15,0.8,9,41,35,5,8,21,16
29108,NOP,29,13/12/17,Home,MIL,W,115,108,45,80,0.563,13,25,0.52,12,15,0.8,9,41,35,5,8,21,16,44,95,0.463,8,27,0.296,12,19,0.632,15,38,23,14,5,9,13
27110,OKC,27,13/12/17,Away,IND,W,100,95,36,88,0.409,13,29,0.448,15,24,0.625,17,52,26,10,6,13,12,40,89,0.449,11,31,0.355,4,6,0.667,11,42,18,11,7,13,21
29111,ORL,29,13/12/17,Home,LAC,L,95,106,37,88,0.42,9,27,0.333,12,21,0.571,7,45,24,6,6,12,13,39,88,0.443,12,26,0.462,16,20,0.8,6,51,25,10,6,8,19
30113,PHO,30,13/12/17,Home,TOR,L,109,115,37,83,0.446,8,24,0.333,27,34,0.794,10,41,20,3,9,11,24,40,92,0.435,9,26,0.346,26,31,0.839,8,45,16,7,3,6,25
27114,POR,27,13/12/17,Away,MIA,W,102,95,36,72,0.5,10,28,0.357,20,23,0.87,5,33,14,7,2,11,21,34,72,0.472,13,30,0.433,14,23,0.609,10,36,19,6,1,15,21
26117,TOR,26,13/12/17,Away,PHO,W,115,109,40,92,0.435,9,26,0.346,26,31,0.839,8,45,16,7,3,6,25,37,83,0.446,8,24,0.333,27,34,0.794,10,41,20,3,9,11,24
28118,UTA,28,13/12/17,Away,CHI,L,100,103,42,91,0.462,9,30,0.3,7,7,1,5,48,24,3,8,16,19,41,93,0.441,7,17,0.412,14,21,0.667,9,46,21,9,3,9,14
28119,WAS,28,13/12/17,Home,MEM,W,93,87,36,77,0.468,9,22,0.409,12,24,0.5,6,44,21,7,8,15,22,31,81,0.383,10,28,0.357,15,16,0.938,10,47,18,6,2,16,23
2790,ATL,27,12/12/17,Away,CLE,L,114,123,43,92,0.467,16,36,0.444,12,13,0.923,10,37,26,8,4,10,17,48,86,0.558,20,38,0.526,7,10,0.7,6,37,35,5,2,13,18
2692,BRK,26,12/12/17,Home,WAS,W,103,98,34,84,0.405,10,43,0.233,25,33,0.758,9,53,26,4,6,14,21,38,95,0.4,4,22,0.182,18,22,0.818,12,49,18,8,3,10,26
2895,CLE,28,12/12/17,Home,ATL,W,123,114,48,86,0.558,20,38,0.526,7,10,0.7,6,37,35,5,2,13,18,43,92,0.467,16,36,0.444,12,13,0.923,10,37,26,8,4,10,17
2896,DAL,28,12/12/17,Home,SAS,W,95,89,38,89,0.427,9,24,0.375,10,12,0.833,8,49,17,8,2,6,19,35,87,0.402,7,28,0.25,12,19,0.632,10,49,20,4,5,10,11
2797,DEN,27,12/12/17,Away,DET,W,103,84,40,79,0.506,10,30,0.333,13,14,0.929,6,44,27,8,3,17,15,28,79,0.354,9,25,0.36,19,22,0.864,11,40,17,7,2,20,16
2798,DET,27,12/12/17,Home,DEN,L,84,103,28,79,0.354,9,25,0.36,19,22,0.864,11,40,17,7,2,20,16,40,79,0.506,10,30,0.333,13,14,0.929,6,44,27,8,3,17,15
26103,LAL,26,12/12/17,Away,NYK,L,109,113,42,102,0.412,13,35,0.371,12,15,0.8,20,52,24,6,6,16,19,48,101,0.475,9,22,0.409,8,11,0.727,15,49,25,7,7,14,16
28107,MIN,28,12/12/17,Home,PHI,L,112,118,44,108,0.407,5,29,0.172,19,27,0.704,17,50,19,14,7,10,21,40,80,0.5,11,26,0.423,27,32,0.844,7,52,32,6,3,24,18
27109,NYK,27,12/12/17,Home,LAL,W,113,109,48,101,0.475,9,22,0.409,8,11,0.727,15,49,25,7,7,14,16,42,102,0.412,13,35,0.371,12,15,0.8,20,52,24,6,6,16,19
27112,PHI,27,12/12/17,Away,MIN,W,118,112,40,80,0.5,11,26,0.423,27,32,0.844,7,52,32,6,3,24,18,44,108,0.407,5,29,0.172,19,27,0.704,17,50,19,14,7,10,21
29113,PHO,29,12/12/17,Away,SAC,L,92,99,37,90,0.411,7,32,0.219,11,14,0.786,13,45,22,5,4,12,18,38,89,0.427,7,22,0.318,16,22,0.727,11,45,21,9,3,9,18
27115,SAC,27,12/12/17,Home,PHO,W,99,92,38,89,0.427,7,22,0.318,16,22,0.727,11,45,21,9,3,9,18,37,90,0.411,7,32,0.219,11,14,0.786,13,45,22,5,4,12,18
28116,SAS,28,12/12/17,Away,DAL,L,89,95,35,87,0.402,7,28,0.25,12,19,0.632,10,49,20,4,5,10,11,38,89,0.427,9,24,0.375,10,12,0.833,8,49,17,8,2,6,19
27119,WAS,27,12/12/17,Away,BRK,L,98,103,38,95,0.4,4,22,0.182,18,22,0.818,12,49,18,8,3,10,26,34,84,0.405,10,43,0.233,25,33,0.758,9,53,26,4,6,14,21
2991,BOS,29,11/12/17,Away,CHI,L,85,108,33,83,0.398,10,40,0.25,9,14,0.643,11,46,22,2,2,15,19,39,81,0.481,12,29,0.414,18,25,0.72,10,46,23,9,3,8,18
2693,CHO,26,11/12/17,Away,OKC,W,116,103,43,81,0.531,13,25,0.52,17,24,0.708,9,41,22,7,4,12,20,35,85,0.412,9,26,0.346,24,25,0.96,11,39,16,4,2,14,19
2694,CHI,26,11/12/17,Home,BOS,W,108,85,39,81,0.481,12,29,0.414,18,25,0.72,10,46,23,9,3,8,18,33,83,0.398,10,40,0.25,9,14,0.643,11,46,22,2,2,15,19
2899,GSW,28,11/12/17,Home,POR,W,111,104,44,80,0.55,10,20,0.5,13,17,0.765,6,42,26,5,9,14,16,37,88,0.42,7,28,0.25,23,25,0.92,12,39,14,11,2,9,18
25100,HOU,25,11/12/17,Home,NOP,W,130,123,48,88,0.545,17,45,0.378,17,25,0.68,4,36,30,12,7,9,15,49,85,0.576,18,33,0.545,7,13,0.538,6,41,32,6,2,18,19
25102,LAC,25,11/12/17,Home,TOR,W,96,91,34,92,0.37,8,36,0.222,20,24,0.833,14,57,18,6,7,12,20,32,80,0.4,7,29,0.241,20,26,0.769,3,43,18,8,6,13,22
27104,MEM,27,11/12/17,Home,MIA,L,82,107,28,72,0.389,8,27,0.296,18,27,0.667,6,31,17,6,1,14,22,37,66,0.561,14,27,0.519,19,24,0.792,2,35,24,8,8,13,22
26105,MIA,26,11/12/17,Away,MEM,W,107,82,37,66,0.561,14,27,0.519,19,24,0.792,2,35,24,8,8,13,22,28,72,0.389,8,27,0.296,18,27,0.667,6,31,17,6,1,14,22
28108,NOP,28,11/12/17,Away,HOU,L,123,130,49,85,0.576,18,33,0.545,7,13,0.538,6,41,32,6,2,18,19,48,88,0.545,17,45,0.378,17,25,0.68,4,36,30,12,7,9,15
26110,OKC,26,11/12/17,Home,CHO,L,103,116,35,85,0.412,9,26,0.346,24,25,0.96,11,39,16,4,2,14,19,43,81,0.531,13,25,0.52,17,24,0.708,9,41,22,7,4,12,20
26114,POR,26,11/12/17,Away,GSW,L,104,111,37,88,0.42,7,28,0.25,23,25,0.92,12,39,14,11,2,9,18,44,80,0.55,10,20,0.5,13,17,0.765,6,42,26,5,9,14,16
25117,TOR,25,11/12/17,Away,LAC,L,91,96,32,80,0.4,7,29,0.241,20,26,0.769,3,43,18,8,6,13,22,34,92,0.37,8,36,0.222,20,24,0.833,14,57,18,6,7,12,20
2690,ATL,26,10/12/17,Away,NYK,L,107,111,37,77,0.481,9,31,0.29,24,30,0.8,6,35,22,5,4,16,28,39,80,0.488,5,17,0.294,28,34,0.824,6,33,16,9,4,12,30
2891,BOS,28,10/12/17,Away,DET,W,91,81,33,79,0.418,11,30,0.367,14,18,0.778,9,50,16,4,4,13,18,28,84,0.333,10,33,0.303,15,19,0.789,11,46,14,7,4,9,16
2796,DAL,27,10/12/17,Away,MIN,L,92,97,37,81,0.457,11,31,0.355,7,9,0.778,6,33,23,6,5,10,22,36,72,0.5,7,19,0.368,18,23,0.783,9,45,19,7,2,18,19
2697,DEN,26,10/12/17,Away,IND,L,116,126,43,95,0.453,17,42,0.405,13,17,0.765,19,47,24,7,5,21,20,49,93,0.527,10,25,0.4,18,22,0.818,11,40,24,6,2,11,17
2698,DET,26,10/12/17,Home,BOS,L,81,91,28,84,0.333,10,33,0.303,15,19,0.789,11,46,14,7,4,9,16,33,79,0.418,11,30,0.367,14,18,0.778,9,50,16,4,4,13,18
27101,IND,27,10/12/17,Home,DEN,W,126,116,49,93,0.527,10,25,0.4,18,22,0.818,11,40,24,6,2,11,17,43,95,0.453,17,42,0.405,13,17,0.765,19,47,24,7,5,21,20
27107,MIN,27,10/12/17,Home,DAL,W,97,92,36,72,0.5,7,19,0.368,18,23,0.783,9,45,19,7,2,18,19,37,81,0.457,11,31,0.355,7,9,0.778,6,33,23,6,5,10,22
27108,NOP,27,10/12/17,Home,PHI,W,131,124,46,80,0.575,15,24,0.625,24,32,0.75,5,33,31,11,9,14,21,44,96,0.458,9,29,0.31,27,30,0.9,22,47,26,5,4,17,29
26109,NYK,26,10/12/17,Home,ATL,W,111,107,39,80,0.488,5,17,0.294,28,34,0.824,6,33,16,9,4,12,30,37,77,0.481,9,31,0.29,24,30,0.8,6,35,22,5,4,16,28
26112,PHI,26,10/12/17,Away,NOP,L,124,131,44,96,0.458,9,29,0.31,27,30,0.9,22,47,26,5,4,17,29,46,80,0.575,15,24,0.625,24,32,0.75,5,33,31,11,9,14,21
26115,SAC,26,10/12/17,Home,TOR,L,87,102,35,73,0.479,10,23,0.435,7,14,0.5,7,42,15,7,6,21,17,39,87,0.448,11,37,0.297,13,19,0.684,12,44,22,8,2,13,17
24117,TOR,24,10/12/17,Away,SAC,W,102,87,39,87,0.448,11,37,0.297,13,19,0.684,12,44,22,8,2,13,17,35,73,0.479,10,23,0.435,7,14,0.5,7,42,15,7,6,21,17
2590,ATL,25,09/12/17,Home,ORL,W,117,110,41,80,0.513,17,33,0.515,18,25,0.72,9,40,33,7,6,12,13,45,92,0.489,13,34,0.382,7,8,0.875,10,39,39,7,2,12,24
2592,BRK,25,09/12/17,Home,MIA,L,89,101,33,81,0.407,7,27,0.259,16,19,0.842,8,43,16,3,3,12,17,42,90,0.467,8,27,0.296,9,14,0.643,8,44,15,6,8,5,17
2593,CHO,25,09/12/17,Home,LAL,L,99,110,41,93,0.441,8,25,0.32,9,14,0.643,9,43,21,7,3,11,21,43,85,0.506,9,27,0.333,15,21,0.714,6,46,24,7,5,14,21
2594,CHI,25,09/12/17,Home,NYK,W,104,102,42,82,0.512,7,25,0.28,13,23,0.565,8,40,28,10,7,14,19,43,91,0.473,7,24,0.292,9,9,1,8,40,25,6,3,14,17
2795,CLE,27,09/12/17,Home,PHI,W,105,98,36,75,0.48,14,29,0.483,19,25,0.76,6,33,26,12,2,17,16,37,78,0.474,11,33,0.333,13,13,1,7,39,31,10,2,19,21
24100,HOU,24,09/12/17,Away,POR,W,124,117,40,75,0.533,10,25,0.4,34,42,0.81,7,35,14,13,2,12,17,45,88,0.511,18,41,0.439,9,12,0.75,7,33,19,4,5,15,28
24102,LAC,24,09/12/17,Home,WAS,W,113,112,39,80,0.488,14,32,0.438,21,24,0.875,4,33,22,8,4,10,19,42,82,0.512,13,32,0.406,15,23,0.652,9,44,33,5,2,13,18
25103,LAL,25,09/12/17,Away,CHO,W,110,99,43,85,0.506,9,27,0.333,15,21,0.714,6,46,24,7,5,14,21,41,93,0.441,8,25,0.32,9,14,0.643,9,43,21,7,3,11,21
26104,MEM,26,09/12/17,Home,OKC,L,101,102,39,88,0.443,13,33,0.394,10,17,0.588,13,47,23,5,5,13,30,36,92,0.391,12,34,0.353,18,31,0.581,17,47,18,7,5,10,21
25105,MIA,25,09/12/17,Away,BRK,W,101,89,42,90,0.467,8,27,0.296,9,14,0.643,8,44,15,6,8,5,17,33,81,0.407,7,27,0.259,16,19,0.842,8,43,16,3,3,12,17
25106,MIL,25,09/12/17,Home,UTA,W,117,100,44,81,0.543,7,17,0.412,22,26,0.846,8,41,22,8,6,11,29,33,76,0.434,8,23,0.348,26,37,0.703,9,35,20,7,3,16,23
25109,NYK,25,09/12/17,Away,CHI,L,102,104,43,91,0.473,7,24,0.292,9,9,1,8,40,25,6,3,14,17,42,82,0.512,7,25,0.28,13,23,0.565,8,40,28,10,7,14,19
25110,OKC,25,09/12/17,Away,MEM,W,102,101,36,92,0.391,12,34,0.353,18,31,0.581,17,47,18,7,5,10,21,39,88,0.443,13,33,0.394,10,17,0.588,13,47,23,5,5,13,30
28111,ORL,28,09/12/17,Away,ATL,L,110,117,45,92,0.489,13,34,0.382,7,8,0.875,10,39,39,7,2,12,24,41,80,0.513,17,33,0.515,18,25,0.72,9,40,33,7,6,12,13
25112,PHI,25,09/12/17,Away,CLE,L,98,105,37,78,0.474,11,33,0.333,13,13,1,7,39,31,10,2,19,21,36,75,0.48,14,29,0.483,19,25,0.76,6,33,26,12,2,17,16
28113,PHO,28,09/12/17,Home,SAS,L,101,104,35,80,0.438,7,25,0.28,24,30,0.8,10,40,11,4,1,10,21,40,87,0.46,6,19,0.316,18,25,0.72,18,52,18,5,6,15,23
25114,POR,25,09/12/17,Home,HOU,L,117,124,45,88,0.511,18,41,0.439,9,12,0.75,7,33,19,4,5,15,28,40,75,0.533,10,25,0.4,34,42,0.81,7,35,14,13,2,12,17
27116,SAS,27,09/12/17,Away,PHO,W,104,101,40,87,0.46,6,19,0.316,18,25,0.72,18,52,18,5,6,15,23,35,80,0.438,7,25,0.28,24,30,0.8,10,40,11,4,1,10,21
27118,UTA,27,09/12/17,Away,MIL,L,100,117,33,76,0.434,8,23,0.348,26,37,0.703,9,35,20,7,3,16,23,44,81,0.543,7,17,0.412,22,26,0.846,8,41,22,8,6,11,29
26119,WAS,26,09/12/17,Away,LAC,L,112,113,42,82,0.512,13,32,0.406,15,23,0.652,9,44,33,5,2,13,18,39,80,0.488,14,32,0.438,21,24,0.875,4,33,22,8,4,10,19
2791,BOS,27,08/12/17,Away,SAS,L,102,105,38,83,0.458,11,38,0.289,15,17,0.882,11,39,14,10,0,14,22,38,81,0.469,8,27,0.296,21,24,0.875,14,46,16,6,3,13,14
2493,CHO,24,08/12/17,Home,CHI,L,111,119,40,100,0.4,10,29,0.345,21,29,0.724,9,50,22,7,11,11,21,48,99,0.485,6,18,0.333,17,22,0.773,6,56,23,5,7,14,29
2494,CHI,24,08/12/17,Away,CHO,W,119,111,48,99,0.485,6,18,0.333,17,22,0.773,6,56,23,5,7,14,29,40,100,0.4,10,29,0.345,21,29,0.724,9,50,22,7,11,11,21
2695,CLE,26,08/12/17,Away,IND,L,102,106,37,85,0.435,11,36,0.306,17,22,0.773,9,44,23,4,4,11,23,38,86,0.442,15,39,0.385,15,24,0.625,12,49,21,7,3,8,19
2696,DAL,26,08/12/17,Away,MIL,L,102,109,35,75,0.467,10,24,0.417,22,26,0.846,4,36,18,6,2,11,22,36,79,0.456,8,24,0.333,29,34,0.853,7,40,20,10,6,10,24
2597,DEN,25,08/12/17,Away,ORL,W,103,89,42,85,0.494,6,21,0.286,13,16,0.813,6,44,21,7,7,12,20,33,83,0.398,5,21,0.238,18,23,0.783,11,42,18,5,7,14,17
2598,DET,25,08/12/17,Home,GSW,L,98,102,38,92,0.413,12,27,0.444,10,19,0.526,15,49,20,8,2,11,17,39,81,0.481,7,26,0.269,17,22,0.773,5,45,29,5,15,14,19
2799,GSW,27,08/12/17,Away,DET,W,102,98,39,81,0.481,7,26,0.269,17,22,0.773,5,45,29,5,15,14,19,38,92,0.413,12,27,0.444,10,19,0.526,15,49,20,8,2,11,17
26101,IND,26,08/12/17,Home,CLE,W,106,102,38,86,0.442,15,39,0.385,15,24,0.625,12,49,21,7,3,8,19,37,85,0.435,11,36,0.306,17,22,0.773,9,44,23,4,4,11,23
25104,MEM,25,08/12/17,Home,TOR,L,107,116,41,82,0.5,9,27,0.333,16,22,0.727,11,35,24,8,3,16,25,37,78,0.474,13,31,0.419,29,33,0.879,10,36,21,8,3,11,23
24106,MIL,24,08/12/17,Home,DAL,W,109,102,36,79,0.456,8,24,0.333,29,34,0.853,7,40,20,10,6,10,24,35,75,0.467,10,24,0.417,22,26,0.846,4,36,18,6,2,11,22
26108,NOP,26,08/12/17,Home,SAC,L,109,116,41,89,0.461,10,28,0.357,17,19,0.895,7,35,19,7,3,17,14,47,97,0.485,13,30,0.433,9,14,0.643,11,46,21,12,4,17,21
27111,ORL,27,08/12/17,Home,DEN,L,89,103,33,83,0.398,5,21,0.238,18,23,0.783,11,42,18,5,7,14,17,42,85,0.494,6,21,0.286,13,16,0.813,6,44,21,7,7,12,20
25115,SAC,25,08/12/17,Away,NOP,W,116,109,47,97,0.485,13,30,0.433,9,14,0.643,11,46,21,12,4,17,21,41,89,0.461,10,28,0.357,17,19,0.895,7,35,19,7,3,17,14
26116,SAS,26,08/12/17,Home,BOS,W,105,102,38,81,0.469,8,27,0.296,21,24,0.875,14,46,16,6,3,13,14,38,83,0.458,11,38,0.289,15,17,0.882,11,39,14,10,0,14,22
23120,TOR,23,08/12/17,Away,MEM,W,116,107,37,78,0.474,13,31,0.419,29,33,0.879,10,36,21,8,3,11,23,41,82,0.5,9,27,0.333,16,22,0.727,11,35,24,8,3,16,25
2492,BRK,24,07/12/17,Home,OKC,W,100,95,35,80,0.438,11,37,0.297,19,30,0.633,7,49,24,3,7,13,21,38,98,0.388,7,24,0.292,12,23,0.522,17,54,18,6,3,12,25
23103,HOU,23,07/12/17,Away,UTA,W,112,101,38,81,0.469,18,42,0.429,18,24,0.75,8,46,22,10,5,17,25,34,77,0.442,11,30,0.367,22,27,0.815,4,32,17,10,5,13,21
24103,LAL,24,07/12/17,Away,PHI,W,107,104,42,96,0.438,11,28,0.393,12,24,0.5,15,44,22,13,7,11,24,39,81,0.481,10,26,0.385,16,21,0.762,7,44,29,3,13,18,27
24110,OKC,24,07/12/17,Away,BRK,L,95,100,38,98,0.388,7,24,0.292,12,23,0.522,17,54,18,6,3,12,25,35,80,0.438,11,37,0.297,19,30,0.633,7,49,24,3,7,13,21
24112,PHI,24,07/12/17,Home,LAL,L,104,107,39,81,0.481,10,26,0.385,16,21,0.762,7,44,29,3,13,18,27,42,96,0.438,11,28,0.393,12,24,0.5,15,44,22,13,7,11,24
27113,PHO,27,07/12/17,Home,WAS,L,99,109,36,78,0.462,7,23,0.304,20,28,0.714,10,42,22,5,5,13,21,41,81,0.506,8,21,0.381,19,25,0.76,8,38,25,6,4,10,23
26118,UTA,26,07/12/17,Home,HOU,L,101,112,34,77,0.442,11,30,0.367,22,27,0.815,4,32,17,10,5,13,21,38,81,0.469,18,42,0.429,18,24,0.75,8,46,22,10,5,17,25
25119,WAS,25,07/12/17,Away,PHO,W,109,99,41,81,0.506,8,21,0.381,19,25,0.76,8,38,25,6,4,10,23,36,78,0.462,7,23,0.304,20,28,0.714,10,42,22,5,5,13,21
2490,ATL,24,06/12/17,Away,ORL,L,106,110,40,93,0.43,11,27,0.407,15,20,0.75,11,49,25,7,3,17,16,46,98,0.469,6,28,0.214,12,18,0.667,13,52,17,9,7,16,23
2691,BOS,26,06/12/17,Home,DAL,W,97,90,36,87,0.414,12,34,0.353,13,17,0.765,9,53,25,8,8,11,15,34,86,0.395,9,28,0.321,13,17,0.765,6,45,19,7,5,9,12
2393,CHO,23,06/12/17,Home,GSW,L,87,101,34,97,0.351,6,19,0.316,13,17,0.765,14,49,17,5,3,12,13,40,84,0.476,11,30,0.367,10,13,0.769,8,47,26,8,12,15,20
2394,CHI,23,06/12/17,Away,IND,L,96,98,39,83,0.47,10,26,0.385,8,16,0.5,11,46,18,3,5,16,15,39,87,0.448,12,34,0.353,8,10,0.8,7,39,21,7,5,13,14
2595,CLE,25,06/12/17,Home,SAC,W,101,95,37,78,0.474,14,39,0.359,13,21,0.619,7,43,28,5,3,15,10,39,86,0.453,10,32,0.313,7,13,0.538,9,45,25,15,5,12,20
2596,DAL,25,06/12/17,Away,BOS,L,90,97,34,86,0.395,9,28,0.321,13,17,0.765,6,45,19,7,5,9,12,36,87,0.414,12,34,0.353,13,17,0.765,9,53,25,8,8,11,15
2497,DEN,24,06/12/17,Away,NOP,L,114,123,41,94,0.436,16,35,0.457,16,22,0.727,10,40,22,7,4,9,21,46,86,0.535,12,31,0.387,19,29,0.655,11,49,28,4,5,11,19
2498,DET,24,06/12/17,Away,MIL,L,100,104,36,87,0.414,10,30,0.333,18,27,0.667,17,46,20,5,0,11,20,39,79,0.494,8,22,0.364,18,26,0.692,13,41,22,7,5,12,21
2699,GSW,26,06/12/17,Away,CHO,W,101,87,40,84,0.476,11,30,0.367,10,13,0.769,8,47,26,8,12,15,20,34,97,0.351,6,19,0.316,13,17,0.765,14,49,17,5,3,12,13
25101,IND,25,06/12/17,Home,CHI,W,98,96,39,87,0.448,12,34,0.353,8,10,0.8,7,39,21,7,5,13,14,39,83,0.47,10,26,0.385,8,16,0.5,11,46,18,3,5,16,15
23105,LAC,23,06/12/17,Home,MIN,L,107,113,44,99,0.444,10,32,0.313,9,15,0.6,17,43,23,6,3,9,17,45,82,0.549,7,19,0.368,16,21,0.762,8,46,29,4,7,15,17
24104,MEM,24,06/12/17,Away,NYK,L,88,99,29,70,0.414,12,28,0.429,18,22,0.818,4,27,14,8,5,15,24,35,67,0.522,9,14,0.643,20,27,0.741,10,42,22,8,3,16,21
24105,MIA,24,06/12/17,Away,SAS,L,105,117,39,72,0.542,18,34,0.529,9,12,0.75,6,29,28,7,4,18,17,46,87,0.529,13,25,0.52,12,14,0.857,10,34,30,6,7,11,14
23109,MIL,23,06/12/17,Home,DET,W,104,100,39,79,0.494,8,22,0.364,18,26,0.692,13,41,22,7,5,12,21,36,87,0.414,10,30,0.333,18,27,0.667,17,46,20,5,0,11,20
26107,MIN,26,06/12/17,Away,LAC,W,113,107,45,82,0.549,7,19,0.368,16,21,0.762,8,46,29,4,7,15,17,44,99,0.444,10,32,0.313,9,15,0.6,17,43,23,6,3,9,17
25108,NOP,25,06/12/17,Home,DEN,W,123,114,46,86,0.535,12,31,0.387,19,29,0.655,11,49,28,4,5,11,19,41,94,0.436,16,35,0.457,16,22,0.727,10,40,22,7,4,9,21
24109,NYK,24,06/12/17,Home,MEM,W,99,88,35,67,0.522,9,14,0.643,20,27,0.741,10,42,22,8,3,16,21,29,70,0.414,12,28,0.429,18,22,0.818,4,27,14,8,5,15,24
26111,ORL,26,06/12/17,Home,ATL,W,110,106,46,98,0.469,6,28,0.214,12,18,0.667,13,52,17,9,7,16,23,40,93,0.43,11,27,0.407,15,20,0.75,11,49,25,7,3,17,16
24115,SAC,24,06/12/17,Away,CLE,L,95,101,39,86,0.453,10,32,0.313,7,13,0.538,9,45,25,15,5,12,20,37,78,0.474,14,39,0.359,13,21,0.619,7,43,28,5,3,15,10
25116,SAS,25,06/12/17,Home,MIA,W,117,105,46,87,0.529,13,25,0.52,12,14,0.857,10,34,30,6,7,11,14,39,72,0.542,18,34,0.529,9,12,0.75,6,29,28,7,4,18,17
23113,OKC,23,05/12/17,Home,UTA,W,100,94,39,81,0.481,4,18,0.222,18,26,0.692,12,46,18,11,6,18,18,34,79,0.43,11,33,0.333,15,21,0.714,9,35,18,16,5,16,21
26113,PHO,26,05/12/17,Away,TOR,L,113,126,37,75,0.493,9,24,0.375,30,38,0.789,0,35,23,7,4,17,24,44,92,0.478,15,36,0.417,23,26,0.885,8,42,30,13,4,15,28
24114,POR,24,05/12/17,Home,WAS,L,92,106,32,78,0.41,12,27,0.444,16,21,0.762,7,41,18,2,5,18,20,42,89,0.472,11,25,0.44,11,14,0.786,11,44,20,16,6,9,22
22133,TOR,22,05/12/17,Home,PHO,W,126,113,44,92,0.478,15,36,0.417,23,26,0.885,8,42,30,13,4,15,28,37,75,0.493,9,24,0.375,30,38,0.789,0,35,23,7,4,17,24
25118,UTA,25,05/12/17,Away,OKC,L,94,100,34,79,0.43,11,33,0.333,15,21,0.714,9,35,18,16,5,16,21,39,81,0.481,4,18,0.222,18,26,0.692,12,46,18,11,6,18,18
24119,WAS,24,05/12/17,Away,POR,W,106,92,42,89,0.472,11,25,0.44,11,14,0.786,11,44,20,16,6,9,22,32,78,0.41,12,27,0.444,16,21,0.762,7,41,18,2,5,18,20
2390,ATL,23,04/12/17,Home,BRK,L,90,110,30,82,0.366,9,30,0.3,21,27,0.778,9,38,18,9,2,18,19,41,85,0.482,15,36,0.417,13,15,0.867,12,52,29,7,6,22,28
2591,BOS,25,04/12/17,Home,MIL,W,111,100,43,78,0.551,10,22,0.455,15,19,0.789,8,45,25,5,3,14,20,35,78,0.449,9,21,0.429,21,24,0.875,3,28,17,6,2,9,17
2392,BRK,23,04/12/17,Away,ATL,W,110,90,41,85,0.482,15,36,0.417,13,15,0.867,12,52,29,7,6,22,28,30,82,0.366,9,30,0.3,21,27,0.778,9,38,18,9,2,18,19
22109,CHO,22,04/12/17,Home,ORL,W,104,94,34,84,0.405,3,17,0.176,33,40,0.825,11,52,17,13,5,14,18,36,82,0.439,10,32,0.313,12,14,0.857,5,40,24,5,5,20,30
22110,CHI,22,04/12/17,Home,CLE,L,91,113,34,82,0.415,9,34,0.265,14,18,0.778,10,43,21,4,5,11,16,42,81,0.519,13,36,0.361,16,17,0.941,5,46,22,6,2,7,13
2495,CLE,24,04/12/17,Away,CHI,W,113,91,42,81,0.519,13,36,0.361,16,17,0.941,5,46,22,6,2,7,13,34,82,0.415,9,34,0.265,14,18,0.778,10,43,21,4,5,11,16
2496,DAL,24,04/12/17,Home,DEN,W,122,105,49,86,0.57,12,26,0.462,12,17,0.706,5,42,26,4,6,7,18,38,91,0.418,14,36,0.389,15,23,0.652,15,49,25,5,5,7,19
23100,DEN,23,04/12/17,Away,DAL,L,105,122,38,91,0.418,14,36,0.389,15,23,0.652,15,49,25,5,5,7,19,49,86,0.57,12,26,0.462,12,17,0.706,5,42,26,4,6,7,18
23101,DET,23,04/12/17,Away,SAS,L,93,96,35,85,0.412,8,27,0.296,15,24,0.625,7,42,15,8,2,10,22,35,82,0.427,14,31,0.452,12,12,1,10,51,30,2,7,16,20
2599,GSW,25,04/12/17,Away,NOP,W,125,115,45,87,0.517,16,33,0.485,19,27,0.704,5,40,36,14,5,16,16,45,91,0.495,16,39,0.41,9,15,0.6,11,47,33,11,4,21,26
24101,IND,24,04/12/17,Home,NYK,W,115,97,46,86,0.535,11,26,0.423,12,15,0.8,7,44,28,10,5,16,20,40,91,0.44,6,23,0.261,11,16,0.688,15,43,26,4,2,17,15
23107,MEM,23,04/12/17,Home,MIN,W,95,92,34,72,0.472,6,21,0.286,21,24,0.875,6,41,22,6,8,16,22,35,79,0.443,4,17,0.235,18,19,0.947,7,34,17,9,2,9,16
22122,MIL,22,04/12/17,Away,BOS,L,100,111,35,78,0.449,9,21,0.429,21,24,0.875,3,28,17,6,2,9,17,43,78,0.551,10,22,0.455,15,19,0.789,8,45,25,5,3,14,20
25107,MIN,25,04/12/17,Away,MEM,L,92,95,35,79,0.443,4,17,0.235,18,19,0.947,7,34,17,9,2,9,16,34,72,0.472,6,21,0.286,21,24,0.875,6,41,22,6,8,16,22
24108,NOP,24,04/12/17,Home,GSW,L,115,125,45,91,0.495,16,39,0.41,9,15,0.6,11,47,33,11,4,21,26,45,87,0.517,16,33,0.485,19,27,0.704,5,40,36,14,5,16,16
23112,NYK,23,04/12/17,Away,IND,L,97,115,40,91,0.44,6,23,0.261,11,16,0.688,15,43,26,4,2,17,15,46,86,0.535,11,26,0.423,12,15,0.8,7,44,28,10,5,16,20
25111,ORL,25,04/12/17,Away,CHO,L,94,104,36,82,0.439,10,32,0.313,12,14,0.857,5,40,24,5,5,20,30,34,84,0.405,3,17,0.176,33,40,0.825,11,52,17,13,5,14,18
23115,PHI,23,04/12/17,Home,PHO,L,101,115,39,91,0.429,7,30,0.233,16,16,1,13,47,23,9,6,14,22,44,91,0.484,10,22,0.455,17,22,0.773,15,46,25,10,9,11,14
25113,PHO,25,04/12/17,Away,PHI,W,115,101,44,91,0.484,10,22,0.455,17,22,0.773,15,46,25,10,9,11,14,39,91,0.429,7,30,0.233,16,16,1,13,47,23,9,6,14,22
24116,SAS,24,04/12/17,Home,DET,W,96,93,35,82,0.427,14,31,0.452,12,12,1,10,51,30,2,7,16,20,35,85,0.412,8,27,0.296,15,24,0.625,7,42,15,8,2,10,22
24118,UTA,24,04/12/17,Home,WAS,W,116,69,43,76,0.566,16,34,0.471,14,18,0.778,10,52,29,9,3,16,20,23,80,0.288,4,20,0.2,19,23,0.826,12,31,9,8,2,13,21
23122,WAS,23,04/12/17,Away,UTA,L,69,116,23,80,0.288,4,20,0.2,19,23,0.826,12,31,9,8,2,13,21,43,76,0.566,16,34,0.471,14,18,0.778,10,52,29,9,3,16,20
2499,GSW,24,03/12/17,Away,MIA,W,123,95,47,84,0.56,11,30,0.367,18,24,0.75,7,41,32,4,4,9,14,33,81,0.407,14,37,0.378,15,17,0.882,5,28,17,5,4,11,15
22116,HOU,22,03/12/17,Away,LAL,W,118,95,45,90,0.5,14,37,0.378,14,17,0.824,7,43,17,10,4,16,23,32,84,0.381,9,28,0.321,22,30,0.733,11,45,16,9,6,20,22
22118,LAC,22,03/12/17,Away,MIN,L,106,112,37,73,0.507,15,34,0.441,17,22,0.773,8,37,21,3,7,16,26,38,88,0.432,8,26,0.308,28,31,0.903,14,42,22,9,1,7,16
23106,LAL,23,03/12/17,Home,HOU,L,95,118,32,84,0.381,9,28,0.321,22,30,0.733,11,45,16,9,6,20,22,45,90,0.5,14,37,0.378,14,17,0.824,7,43,17,10,4,16,23
23108,MIA,23,03/12/17,Home,GSW,L,95,123,33,81,0.407,14,37,0.378,15,17,0.882,5,28,17,5,4,11,15,47,84,0.56,11,30,0.367,18,24,0.75,7,41,32,4,4,9,14
24107,MIN,24,03/12/17,Home,LAC,W,112,106,38,88,0.432,8,26,0.308,28,31,0.903,14,42,22,9,1,7,16,37,73,0.507,15,34,0.441,17,22,0.773,8,37,21,3,7,16,26
22125,NYK,22,03/12/17,Home,ORL,L,100,105,43,93,0.462,5,15,0.333,9,10,0.9,10,45,18,4,4,14,24,37,82,0.451,6,28,0.214,25,29,0.862,8,42,19,8,3,10,11
22126,OKC,22,03/12/17,Home,SAS,W,90,87,37,87,0.425,6,22,0.273,10,21,0.476,15,47,21,8,2,20,19,31,76,0.408,8,28,0.286,17,23,0.739,8,39,14,11,9,17,24
24111,ORL,24,03/12/17,Away,NYK,W,105,100,37,82,0.451,6,28,0.214,25,29,0.862,8,42,19,8,3,10,11,43,93,0.462,5,15,0.333,9,10,0.9,10,45,18,4,4,14,24
23119,SAS,23,03/12/17,Away,OKC,L,87,90,31,76,0.408,8,28,0.286,17,23,0.739,8,39,14,11,9,17,24,37,87,0.425,6,22,0.273,10,21,0.476,15,47,21,8,2,20,19
22106,ATL,22,02/12/17,Away,BRK,W,114,102,47,99,0.475,10,27,0.37,10,14,0.714,13,47,18,12,5,8,19,34,82,0.415,17,42,0.405,17,21,0.81,12,46,26,1,8,19,18
2491,BOS,24,02/12/17,Home,PHO,W,116,111,42,80,0.525,14,31,0.452,18,23,0.783,4,31,32,8,6,9,16,48,101,0.475,7,24,0.292,8,11,0.727,16,47,24,8,1,10,19
22108,BRK,22,02/12/17,Home,ATL,L,102,114,34,82,0.415,17,42,0.405,17,21,0.81,12,46,26,1,8,19,18,47,99,0.475,10,27,0.37,10,14,0.714,13,47,18,12,5,8,19
2396,CLE,23,02/12/17,Home,MEM,W,116,111,42,75,0.56,11,24,0.458,21,23,0.913,1,31,24,8,7,10,14,43,84,0.512,13,23,0.565,12,14,0.857,6,36,31,6,4,12,19
2398,DAL,23,02/12/17,Home,LAC,W,108,82,36,79,0.456,16,35,0.457,20,26,0.769,15,54,24,4,7,15,20,30,86,0.349,6,22,0.273,16,23,0.696,11,38,16,8,6,10,20
22113,DEN,22,02/12/17,Home,LAL,W,115,100,40,87,0.46,12,31,0.387,23,28,0.821,9,39,26,8,6,12,19,38,86,0.442,9,30,0.3,15,21,0.714,17,52,21,5,2,21,24
22114,DET,22,02/12/17,Away,PHI,L,103,108,34,78,0.436,9,31,0.29,26,32,0.813,7,36,20,8,2,16,27,35,86,0.407,10,28,0.357,28,32,0.875,17,47,27,7,4,17,24
21141,LAC,21,02/12/17,Away,DAL,L,82,108,30,86,0.349,6,22,0.273,16,23,0.696,11,38,16,8,6,10,20,36,79,0.456,16,35,0.457,20,26,0.769,15,54,24,4,7,15,20
22119,LAL,22,02/12/17,Away,DEN,L,100,115,38,86,0.442,9,30,0.3,15,21,0.714,17,52,21,5,2,21,24,40,87,0.46,12,31,0.387,23,28,0.821,9,39,26,8,6,12,19
22120,MEM,22,02/12/17,Away,CLE,L,111,116,43,84,0.512,13,23,0.565,12,14,0.857,6,36,31,6,4,12,19,42,75,0.56,11,24,0.458,21,23,0.913,1,31,24,8,7,10,14
21145,MIL,21,02/12/17,Home,SAC,W,109,104,34,69,0.493,6,19,0.316,35,42,0.833,9,36,20,9,6,15,18,37,77,0.481,11,24,0.458,19,21,0.905,6,33,20,7,1,15,28
23111,NOP,23,02/12/17,Away,POR,W,123,116,45,86,0.523,15,31,0.484,18,25,0.72,4,48,22,2,3,10,16,47,105,0.448,11,35,0.314,11,11,1,9,44,20,6,3,4,17
22128,PHI,22,02/12/17,Home,DET,W,108,103,35,86,0.407,10,28,0.357,28,32,0.875,17,47,27,7,4,17,24,34,78,0.436,9,31,0.29,26,32,0.813,7,36,20,8,2,16,27
24113,PHO,24,02/12/17,Away,BOS,L,111,116,48,101,0.475,7,24,0.292,8,11,0.727,16,47,24,8,1,10,19,42,80,0.525,14,31,0.452,18,23,0.783,4,31,32,8,6,9,16
23117,POR,23,02/12/17,Home,NOP,L,116,123,47,105,0.448,11,35,0.314,11,11,1,9,44,20,6,3,4,17,45,86,0.523,15,31,0.484,18,25,0.72,4,48,22,2,3,10,16
23118,SAC,23,02/12/17,Away,MIL,L,104,109,37,77,0.481,11,24,0.458,19,21,0.905,6,33,20,7,1,15,28,34,69,0.493,6,19,0.316,35,42,0.833,9,36,20,9,6,15,18
21132,CHO,21,01/12/17,Away,MIA,L,100,105,38,79,0.481,5,20,0.25,19,21,0.905,10,40,21,9,5,22,24,39,80,0.488,14,35,0.4,13,21,0.619,9,39,25,8,4,21,24
21133,CHI,21,01/12/17,Home,SAC,L,106,107,42,90,0.467,13,36,0.361,9,13,0.692,8,38,30,8,2,8,16,45,85,0.529,6,18,0.333,11,14,0.786,8,43,29,5,10,12,15
21137,DET,21,01/12/17,Away,WAS,L,91,109,35,79,0.443,9,30,0.3,12,19,0.632,4,32,20,7,5,15,21,43,89,0.483,7,21,0.333,16,19,0.842,16,49,28,12,6,11,20
23102,GSW,23,01/12/17,Away,ORL,W,133,112,55,88,0.625,12,24,0.5,11,11,1,7,42,46,9,11,19,16,44,96,0.458,11,28,0.393,13,18,0.722,13,35,23,9,4,14,15
23104,IND,23,01/12/17,Away,TOR,L,115,120,45,102,0.441,8,26,0.308,17,22,0.773,15,46,21,7,5,10,17,48,97,0.495,10,32,0.313,14,21,0.667,12,47,29,6,8,12,18
21143,MEM,21,01/12/17,Home,SAS,L,79,95,30,74,0.405,5,15,0.333,14,18,0.778,8,38,19,8,6,16,26,31,70,0.443,11,27,0.407,22,32,0.688,7,43,20,8,5,13,18
22121,MIA,22,01/12/17,Home,CHO,W,105,100,39,80,0.488,14,35,0.4,13,21,0.619,9,39,25,8,4,21,24,38,79,0.481,5,20,0.25,19,21,0.905,10,40,21,9,5,22,24
23110,MIN,23,01/12/17,Away,OKC,L,107,111,39,76,0.513,12,24,0.5,17,21,0.81,6,26,26,7,5,16,20,41,79,0.519,8,26,0.308,21,22,0.955,13,42,28,7,7,18,24
22124,NOP,22,01/12/17,Away,UTA,L,108,114,42,87,0.483,15,30,0.5,9,15,0.6,6,42,28,4,7,10,20,42,85,0.494,12,30,0.4,18,25,0.72,8,46,25,7,3,7,15
21149,OKC,21,01/12/17,Home,MIN,W,111,107,41,79,0.519,8,26,0.308,21,22,0.955,13,42,28,7,7,18,24,39,76,0.513,12,24,0.5,17,21,0.81,6,26,26,7,5,16,20
23114,ORL,23,01/12/17,Home,GSW,L,112,133,44,96,0.458,11,28,0.393,13,18,0.722,13,35,23,9,4,14,15,55,88,0.625,12,24,0.5,11,11,1,7,42,46,9,11,19,16
22131,SAC,22,01/12/17,Away,CHI,W,107,106,45,85,0.529,6,18,0.333,11,14,0.786,8,43,29,5,10,12,15,42,90,0.467,13,36,0.361,9,13,0.692,8,38,30,8,2,8,16
22132,SAS,22,01/12/17,Away,MEM,W,95,79,31,70,0.443,11,27,0.407,22,32,0.688,7,43,20,8,5,13,18,30,74,0.405,5,15,0.333,14,18,0.778,8,38,19,8,6,16,26
21156,TOR,21,01/12/17,Home,IND,W,120,115,48,97,0.495,10,32,0.313,14,21,0.667,12,47,29,6,8,12,18,45,102,0.441,8,26,0.308,17,22,0.773,15,46,21,7,5,10,17
23121,UTA,23,01/12/17,Home,NOP,W,114,108,42,85,0.494,12,30,0.4,18,25,0.72,8,46,25,7,3,7,15,42,87,0.483,15,30,0.5,9,15,0.6,6,42,28,4,7,10,20
22135,WAS,22,01/12/17,Home,DET,W,109,91,43,89,0.483,7,21,0.333,16,19,0.842,16,49,28,12,6,11,20,35,79,0.443,9,30,0.3,12,19,0.632,4,32,20,7,5,15,21
21129,ATL,21,30/11/17,Home,CLE,L,114,121,41,79,0.519,12,31,0.387,20,24,0.833,8,29,24,9,4,17,20,41,79,0.519,18,39,0.462,21,27,0.778,12,40,30,9,5,19,20
2391,BOS,23,30/11/17,Home,PHI,W,108,97,40,79,0.506,12,29,0.414,16,20,0.8,7,40,25,7,7,16,20,35,84,0.417,16,32,0.5,11,18,0.611,15,45,24,11,1,19,22
2094,CHI,20,30/11/17,Away,DEN,L,110,111,44,82,0.537,9,24,0.375,13,21,0.619,6,40,25,4,4,11,27,38,83,0.458,12,31,0.387,23,31,0.742,11,44,22,7,4,12,19
22111,CLE,22,30/11/17,Away,ATL,W,121,114,41,79,0.519,18,39,0.462,21,27,0.778,12,40,30,9,5,19,20,41,79,0.519,12,31,0.387,20,24,0.833,8,29,24,9,4,17,20
21136,DEN,21,30/11/17,Home,CHI,W,111,110,38,83,0.458,12,31,0.387,23,31,0.742,11,44,22,7,4,12,19,44,82,0.537,9,24,0.375,13,21,0.619,6,40,25,4,4,11,27
20102,LAC,20,30/11/17,Home,UTA,L,107,126,38,70,0.543,10,29,0.345,21,30,0.7,10,36,23,8,6,19,16,49,85,0.576,17,35,0.486,11,14,0.786,10,33,38,13,2,13,20
20106,MIL,20,30/11/17,Away,POR,W,103,91,42,87,0.483,6,20,0.3,13,15,0.867,5,35,19,11,5,9,20,35,83,0.422,6,23,0.261,15,17,0.882,10,50,17,5,3,19,14
21151,PHI,21,30/11/17,Away,BOS,L,97,108,35,84,0.417,16,32,0.5,11,18,0.611,15,45,24,11,1,19,22,40,79,0.506,12,29,0.414,16,20,0.8,7,40,25,7,7,16,20
22130,POR,22,30/11/17,Home,MIL,L,91,103,35,83,0.422,6,23,0.261,15,17,0.882,10,50,17,5,3,19,14,42,87,0.483,6,20,0.3,13,15,0.867,5,35,19,11,5,9,20
22134,UTA,22,30/11/17,Away,LAC,W,126,107,49,85,0.576,17,35,0.486,11,14,0.786,10,33,38,13,2,13,20,38,70,0.543,10,29,0.345,21,30,0.7,10,36,23,8,6,19,16
21131,BRK,21,29/11/17,Away,DAL,W,109,104,42,90,0.467,11,29,0.379,14,25,0.56,14,52,25,5,1,14,21,39,84,0.464,9,27,0.333,17,21,0.81,7,44,26,5,3,11,23
2093,CHO,20,29/11/17,Away,TOR,L,113,126,37,79,0.468,9,19,0.474,30,35,0.857,7,36,26,6,2,12,17,52,98,0.531,14,32,0.438,8,11,0.727,11,39,24,6,2,9,23
22112,DAL,22,29/11/17,Home,BRK,L,104,109,39,84,0.464,9,27,0.333,17,21,0.81,7,44,26,5,3,11,23,42,90,0.467,11,29,0.379,14,25,0.56,14,52,25,5,1,14,21
2098,DET,20,29/11/17,Home,PHO,W,131,107,51,89,0.573,13,28,0.464,16,21,0.762,5,44,31,11,6,19,22,39,84,0.464,7,22,0.318,22,28,0.786,8,37,21,11,4,19,19
22115,GSW,22,29/11/17,Away,LAL,W,127,123,47,94,0.5,12,30,0.4,21,28,0.75,12,49,30,10,4,22,19,47,95,0.495,9,24,0.375,20,25,0.8,7,34,30,12,5,17,23
21139,HOU,21,29/11/17,Home,IND,W,118,97,42,86,0.488,18,40,0.45,16,21,0.762,10,49,26,9,0,15,10,42,88,0.477,7,28,0.25,6,6,1,6,36,18,9,7,14,17
22117,IND,22,29/11/17,Away,HOU,L,97,118,42,88,0.477,7,28,0.25,6,6,1,6,36,18,9,7,14,17,42,86,0.488,18,40,0.45,16,21,0.762,10,49,26,9,0,15,10
21142,LAL,21,29/11/17,Home,GSW,L,123,127,47,95,0.495,9,24,0.375,20,25,0.8,7,34,30,12,5,17,23,47,94,0.5,12,30,0.4,21,28,0.75,12,49,30,10,4,22,19
20104,MEM,20,29/11/17,Away,SAS,L,95,104,35,77,0.455,11,22,0.5,14,16,0.875,11,37,21,4,1,17,19,38,75,0.507,8,20,0.4,20,24,0.833,5,32,22,9,5,8,17
21144,MIA,21,29/11/17,Away,NYK,L,86,115,32,84,0.381,10,38,0.263,12,20,0.6,9,31,21,13,4,15,20,44,73,0.603,5,13,0.385,22,26,0.846,8,52,26,10,5,20,20
22123,MIN,22,29/11/17,Away,NOP,W,120,102,47,81,0.58,9,23,0.391,17,19,0.895,10,44,30,10,1,17,14,39,84,0.464,14,35,0.4,10,11,0.909,8,28,27,8,2,16,17
21147,NOP,21,29/11/17,Home,MIN,L,102,120,39,84,0.464,14,35,0.4,10,11,0.909,8,28,27,8,2,16,17,47,81,0.58,9,23,0.391,17,19,0.895,10,44,30,10,1,17,14
21148,NYK,21,29/11/17,Home,MIA,W,115,86,44,73,0.603,5,13,0.385,22,26,0.846,8,52,26,10,5,20,20,32,84,0.381,10,38,0.263,12,20,0.6,9,31,21,13,4,15,20
20110,OKC,20,29/11/17,Away,ORL,L,108,121,38,96,0.396,12,32,0.375,20,30,0.667,21,48,17,8,5,13,20,45,76,0.592,13,30,0.433,18,26,0.692,2,37,28,9,7,13,22
22127,ORL,22,29/11/17,Home,OKC,W,121,108,45,76,0.592,13,30,0.433,18,26,0.692,2,37,28,9,7,13,22,38,96,0.396,12,32,0.375,20,30,0.667,21,48,17,8,5,13,20
20112,PHI,20,29/11/17,Home,WAS,W,118,113,37,81,0.457,3,18,0.167,41,64,0.641,21,64,23,6,8,17,27,36,89,0.404,9,22,0.409,32,37,0.865,7,35,22,8,4,11,42
23116,PHO,23,29/11/17,Away,DET,L,107,131,39,84,0.464,7,22,0.318,22,28,0.786,8,37,21,11,4,19,19,51,89,0.573,13,28,0.464,16,21,0.762,5,44,31,11,6,19,22
21155,SAS,21,29/11/17,Home,MEM,W,104,95,38,75,0.507,8,20,0.4,20,24,0.833,5,32,22,9,5,8,17,35,77,0.455,11,22,0.5,14,16,0.875,11,37,21,4,1,17,19
20117,TOR,20,29/11/17,Home,CHO,W,126,113,52,98,0.531,14,32,0.438,8,11,0.727,11,39,24,6,2,9,23,37,79,0.468,9,19,0.474,30,35,0.857,7,36,26,6,2,12,17
21158,WAS,21,29/11/17,Away,PHI,L,113,118,36,89,0.404,9,22,0.409,32,37,0.865,7,35,22,8,4,11,42,37,81,0.457,3,18,0.167,41,64,0.641,21,64,23,6,8,17,27
1994,CHI,19,28/11/17,Home,PHO,L,99,104,38,94,0.404,16,40,0.4,7,10,0.7,9,41,27,11,7,9,20,38,87,0.437,11,30,0.367,17,23,0.739,13,57,25,4,4,15,12
21134,CLE,21,28/11/17,Home,MIA,W,108,97,40,81,0.494,11,33,0.333,17,23,0.739,5,45,21,12,2,13,17,37,84,0.44,10,31,0.323,13,20,0.65,8,42,24,7,5,15,19
2097,DEN,20,28/11/17,Away,UTA,L,77,106,28,78,0.359,7,34,0.206,14,16,0.875,12,42,13,6,4,17,13,42,87,0.483,14,32,0.438,8,9,0.889,9,43,24,7,6,11,20
20105,MIA,20,28/11/17,Away,CLE,L,97,108,37,84,0.44,10,31,0.323,13,20,0.65,8,42,24,7,5,15,19,40,81,0.494,11,33,0.333,17,23,0.739,5,45,21,12,2,13,17
19106,MIL,19,28/11/17,Away,SAC,W,112,87,42,71,0.592,9,22,0.409,19,31,0.613,1,38,27,13,5,12,22,31,77,0.403,5,17,0.294,20,29,0.69,9,40,15,5,2,16,21
21146,MIN,21,28/11/17,Home,WAS,L,89,92,35,85,0.412,10,30,0.333,9,14,0.643,13,49,27,3,1,10,17,36,83,0.434,10,28,0.357,10,17,0.588,9,44,23,5,4,7,16
22129,PHO,22,28/11/17,Away,CHI,W,104,99,38,87,0.437,11,30,0.367,17,23,0.739,13,57,25,4,4,15,12,38,94,0.404,16,40,0.4,7,10,0.7,9,41,27,11,7,9,20
21154,SAC,21,28/11/17,Home,MIL,L,87,112,31,77,0.403,5,17,0.294,20,29,0.69,9,40,15,5,2,16,21,42,71,0.592,9,22,0.409,19,31,0.613,1,38,27,13,5,12,22
21157,UTA,21,28/11/17,Home,DEN,W,106,77,42,87,0.483,14,32,0.438,8,9,0.889,9,43,24,7,6,11,20,28,78,0.359,7,34,0.206,14,16,0.875,12,42,13,6,4,17,13
20119,WAS,20,28/11/17,Away,MIN,W,92,89,36,83,0.434,10,28,0.357,10,17,0.588,9,44,23,5,4,7,16,35,85,0.412,10,30,0.333,9,14,0.643,13,49,27,3,1,10,17
22107,BOS,22,27/11/17,Home,DET,L,108,118,40,77,0.519,16,33,0.485,12,21,0.571,5,36,27,2,4,17,23,44,85,0.518,11,25,0.44,19,23,0.826,8,40,26,8,2,8,19
2092,BRK,20,27/11/17,Away,HOU,L,103,117,40,86,0.465,10,39,0.256,13,17,0.765,6,43,24,5,4,13,19,42,86,0.488,20,50,0.4,13,20,0.65,8,42,31,8,4,15,19
2095,CLE,20,27/11/17,Away,PHI,W,113,91,41,86,0.477,15,37,0.405,16,20,0.8,11,46,25,7,3,11,21,36,96,0.375,3,28,0.107,16,20,0.8,22,53,15,6,2,12,18
21135,DAL,21,27/11/17,Away,SAS,L,108,115,41,85,0.482,14,32,0.438,12,17,0.706,4,40,25,7,0,11,19,43,82,0.524,10,24,0.417,19,21,0.905,4,43,27,7,5,10,16
1998,DET,19,27/11/17,Away,BOS,W,118,108,44,85,0.518,11,25,0.44,19,23,0.826,8,40,26,8,2,8,19,40,77,0.519,16,33,0.485,12,21,0.571,5,36,27,2,4,17,23
21138,GSW,21,27/11/17,Home,SAC,L,106,110,40,80,0.5,16,37,0.432,10,14,0.714,9,36,31,9,6,14,15,42,79,0.532,9,17,0.529,17,21,0.81,11,36,27,7,6,13,15
20100,HOU,20,27/11/17,Home,BRK,W,117,103,42,86,0.488,20,50,0.4,13,20,0.65,8,42,31,8,4,15,19,40,86,0.465,10,39,0.256,13,17,0.765,6,43,24,5,4,13,19
21140,IND,21,27/11/17,Home,ORL,W,121,109,42,79,0.532,15,26,0.577,22,26,0.846,8,43,25,7,8,14,18,40,92,0.435,16,41,0.39,13,16,0.813,10,35,22,4,9,14,23
19102,LAC,19,27/11/17,Home,LAL,W,120,115,41,85,0.482,10,28,0.357,28,30,0.933,10,44,19,7,3,17,22,44,91,0.484,11,30,0.367,16,24,0.667,12,43,23,10,5,16,29
20103,LAL,20,27/11/17,Away,LAC,L,115,120,44,91,0.484,11,30,0.367,16,24,0.667,12,43,23,10,5,16,29,41,85,0.482,10,28,0.357,28,30,0.933,10,44,19,7,3,17,22
20109,NYK,20,27/11/17,Home,POR,L,91,103,35,88,0.398,5,15,0.333,16,22,0.727,14,51,13,3,3,13,20,37,83,0.446,7,21,0.333,22,26,0.846,5,45,18,10,3,9,22
21150,ORL,21,27/11/17,Away,IND,L,109,121,40,92,0.435,16,41,0.39,13,16,0.813,10,35,22,4,9,14,23,42,79,0.532,15,26,0.577,22,26,0.846,8,43,25,7,8,14,18
19112,PHI,19,27/11/17,Home,CLE,L,91,113,36,96,0.375,3,28,0.107,16,20,0.8,22,53,15,6,2,12,18,41,86,0.477,15,37,0.405,16,20,0.8,11,46,25,7,3,11,21
21153,POR,21,27/11/17,Away,NYK,W,103,91,37,83,0.446,7,21,0.333,22,26,0.846,5,45,18,10,3,9,22,35,88,0.398,5,15,0.333,16,22,0.727,14,51,13,3,3,13,20
20115,SAC,20,27/11/17,Away,GSW,W,110,106,42,79,0.532,9,17,0.529,17,21,0.81,11,36,27,7,6,13,15,40,80,0.5,16,37,0.432,10,14,0.714,9,36,31,9,6,14,15
20116,SAS,20,27/11/17,Home,DAL,W,115,108,43,82,0.524,10,24,0.417,19,21,0.905,4,43,27,7,5,10,16,41,85,0.482,14,32,0.438,12,17,0.706,4,40,25,7,0,11,19
1992,BRK,19,26/11/17,Away,MEM,W,98,88,33,74,0.446,13,29,0.448,19,23,0.826,12,43,19,7,7,17,22,32,80,0.4,8,25,0.32,16,18,0.889,11,35,15,8,3,14,24
1894,CHI,18,26/11/17,Home,MIA,L,93,100,33,89,0.371,14,33,0.424,13,16,0.813,7,47,25,10,2,13,18,34,75,0.453,13,32,0.406,19,23,0.826,1,45,19,9,5,12,14
19104,MEM,19,26/11/17,Home,BRK,L,88,98,32,80,0.4,8,25,0.32,16,18,0.889,11,35,15,8,3,14,24,33,74,0.446,13,29,0.448,19,23,0.826,12,43,19,7,7,17,22
19105,MIA,19,26/11/17,Away,CHI,W,100,93,34,75,0.453,13,32,0.406,19,23,0.826,1,45,19,9,5,12,14,33,89,0.371,14,33,0.424,13,16,0.813,7,47,25,10,2,13,18
20107,MIN,20,26/11/17,Home,PHO,W,119,108,49,93,0.527,9,21,0.429,12,17,0.706,19,48,24,12,5,10,14,43,85,0.506,13,26,0.5,9,12,0.75,11,37,25,6,1,15,20
21152,PHO,21,26/11/17,Away,MIN,L,108,119,43,85,0.506,13,26,0.5,9,12,0.75,11,37,25,6,1,15,20,49,93,0.527,9,21,0.429,12,17,0.706,19,48,24,12,5,10,14
2090,ATL,20,25/11/17,Home,TOR,L,78,112,26,75,0.347,6,27,0.222,20,23,0.87,7,32,18,9,1,18,15,46,84,0.548,13,32,0.406,7,9,0.778,11,46,31,10,3,16,22
21130,BOS,21,25/11/17,Away,IND,W,108,98,45,80,0.563,10,25,0.4,8,9,0.889,4,30,22,8,4,14,13,38,78,0.487,7,23,0.304,15,15,1,10,36,20,9,2,18,14
1993,CHO,19,25/11/17,Home,SAS,L,86,106,31,84,0.369,4,25,0.16,20,26,0.769,14,42,20,7,4,14,19,39,81,0.481,6,25,0.24,22,25,0.88,8,45,22,8,7,11,19
2096,DAL,20,25/11/17,Home,OKC,W,97,81,37,75,0.493,15,35,0.429,8,11,0.727,8,43,25,11,5,17,18,29,80,0.363,13,35,0.371,10,13,0.769,8,39,24,12,1,17,16
2099,GSW,20,25/11/17,Home,NOP,W,110,95,39,94,0.415,10,33,0.303,22,27,0.815,11,44,30,11,6,9,24,34,84,0.405,11,31,0.355,16,23,0.696,9,45,24,2,9,17,24
19100,HOU,19,25/11/17,Home,NYK,W,117,102,41,94,0.436,18,47,0.383,17,22,0.773,9,42,30,12,6,7,15,42,85,0.494,4,17,0.235,14,19,0.737,6,40,29,4,3,18,20
20101,IND,20,25/11/17,Home,BOS,L,98,108,38,78,0.487,7,23,0.304,15,15,1,10,36,20,9,2,18,14,45,80,0.563,10,25,0.4,8,9,0.889,4,30,22,8,4,14,13
18102,LAC,18,25/11/17,Away,SAC,W,97,95,38,80,0.475,9,28,0.321,12,13,0.923,6,37,23,11,5,16,13,38,83,0.458,11,21,0.524,8,9,0.889,8,37,19,9,8,18,17
18106,MIL,18,25/11/17,Away,UTA,L,108,121,41,77,0.532,8,21,0.381,18,23,0.783,8,40,19,5,6,16,21,46,81,0.568,18,32,0.563,11,19,0.579,5,30,31,8,2,10,19
20108,NOP,20,25/11/17,Away,GSW,L,95,110,34,84,0.405,11,31,0.355,16,23,0.696,9,45,24,2,9,17,24,39,94,0.415,10,33,0.303,22,27,0.815,11,44,30,11,6,9,24
19109,NYK,19,25/11/17,Away,HOU,L,102,117,42,85,0.494,4,17,0.235,14,19,0.737,6,40,29,4,3,18,20,41,94,0.436,18,47,0.383,17,22,0.773,9,42,30,12,6,7,15
19110,OKC,19,25/11/17,Away,DAL,L,81,97,29,80,0.363,13,35,0.371,10,13,0.769,8,39,24,12,1,17,16,37,75,0.493,15,35,0.429,8,11,0.727,8,43,25,11,5,17,18
20111,ORL,20,25/11/17,Away,PHI,L,111,130,39,86,0.453,12,31,0.387,21,31,0.677,7,41,22,8,5,9,17,48,95,0.505,16,34,0.471,18,20,0.9,11,53,35,7,2,11,22
18112,PHI,18,25/11/17,Home,ORL,W,130,111,48,95,0.505,16,34,0.471,18,20,0.9,11,53,35,7,2,11,22,39,86,0.453,12,31,0.387,21,31,0.677,7,41,22,8,5,9,17
20114,POR,20,25/11/17,Away,WAS,W,108,105,41,80,0.513,9,24,0.375,17,22,0.773,6,41,18,3,6,16,16,41,89,0.461,8,23,0.348,15,16,0.938,7,37,20,9,4,11,17
19115,SAC,19,25/11/17,Home,LAC,L,95,97,38,83,0.458,11,21,0.524,8,9,0.889,8,37,19,9,8,18,17,38,80,0.475,9,28,0.321,12,13,0.923,6,37,23,11,5,16,13
19116,SAS,19,25/11/17,Away,CHO,W,106,86,39,81,0.481,6,25,0.24,22,25,0.88,8,45,22,8,7,11,19,31,84,0.369,4,25,0.16,20,26,0.769,14,42,20,7,4,14,19
19117,TOR,19,25/11/17,Away,ATL,W,112,78,46,84,0.548,13,32,0.406,7,9,0.778,11,46,31,10,3,16,22,26,75,0.347,6,27,0.222,20,23,0.87,7,32,18,9,1,18,15
20118,UTA,20,25/11/17,Home,MIL,W,121,108,46,81,0.568,18,32,0.563,11,19,0.579,5,30,31,8,2,10,19,41,77,0.532,8,21,0.381,18,23,0.783,8,40,19,5,6,16,21
19119,WAS,19,25/11/17,Home,POR,L,105,108,41,89,0.461,8,23,0.348,15,16,0.938,7,37,20,9,4,11,17,41,80,0.513,9,24,0.375,17,22,0.773,6,41,18,3,6,16,16
1990,ATL,19,24/11/17,Home,NYK,W,116,104,47,99,0.475,13,31,0.419,9,12,0.75,13,40,30,7,2,9,16,40,79,0.506,12,30,0.4,12,14,0.857,5,38,30,1,9,20,19
2091,BOS,20,24/11/17,Home,ORL,W,118,103,42,91,0.462,17,42,0.405,17,25,0.68,13,46,27,6,10,8,20,41,95,0.432,9,24,0.375,12,19,0.632,16,51,21,6,4,12,16
1892,BRK,18,24/11/17,Home,POR,L,125,127,50,100,0.5,10,25,0.4,15,21,0.714,13,47,25,4,6,9,22,48,96,0.5,6,15,0.4,25,35,0.714,12,45,24,5,13,7,16
1893,CHO,18,24/11/17,Away,CLE,L,99,100,36,94,0.383,11,29,0.379,16,27,0.593,15,55,25,4,3,9,17,38,83,0.458,13,39,0.333,11,15,0.733,3,45,25,4,7,12,24
1794,CHI,17,24/11/17,Away,GSW,L,94,143,35,99,0.354,13,36,0.361,11,15,0.733,13,40,18,7,2,15,17,53,91,0.582,16,36,0.444,21,21,1,6,49,36,11,11,11,15
1995,CLE,19,24/11/17,Home,CHO,W,100,99,38,83,0.458,13,39,0.333,11,15,0.733,3,45,25,4,7,12,24,36,94,0.383,11,29,0.379,16,27,0.593,15,55,25,4,3,9,17
1997,DEN,19,24/11/17,Home,MEM,W,104,92,40,79,0.506,9,32,0.281,15,26,0.577,15,50,24,9,4,21,18,36,73,0.493,9,24,0.375,11,16,0.688,3,23,28,10,3,18,21
1898,DET,18,24/11/17,Away,OKC,W,99,98,39,84,0.464,14,37,0.378,7,9,0.778,8,43,22,6,5,20,17,42,98,0.429,8,32,0.25,6,8,0.75,13,45,22,13,6,14,12
1999,GSW,19,24/11/17,Home,CHI,W,143,94,53,91,0.582,16,36,0.444,21,21,1,6,49,36,11,11,11,15,35,99,0.354,13,36,0.361,11,15,0.733,13,40,18,7,2,15,17
19101,IND,19,24/11/17,Home,TOR,W,107,104,38,83,0.458,11,26,0.423,20,27,0.741,10,41,19,10,3,16,18,40,81,0.494,9,30,0.3,15,20,0.75,7,42,17,14,4,18,20
18104,MEM,18,24/11/17,Away,DEN,L,92,104,36,73,0.493,9,24,0.375,11,16,0.688,3,23,28,10,3,18,21,40,79,0.506,9,32,0.281,15,26,0.577,15,50,24,9,4,21,18
18105,MIA,18,24/11/17,Away,MIN,W,109,97,38,80,0.475,19,39,0.487,14,16,0.875,9,42,29,4,4,13,24,37,84,0.44,7,17,0.412,16,26,0.615,13,44,21,9,3,10,16
19107,MIN,19,24/11/17,Home,MIA,L,97,109,37,84,0.44,7,17,0.412,16,26,0.615,13,44,21,9,3,10,16,38,80,0.475,19,39,0.487,14,16,0.875,9,42,29,4,4,13,24
19108,NOP,19,24/11/17,Away,PHO,W,115,91,45,91,0.495,9,27,0.333,16,22,0.727,13,49,29,10,4,15,18,37,94,0.394,2,20,0.1,15,18,0.833,15,48,12,9,6,16,18
18109,NYK,18,24/11/17,Away,ATL,L,104,116,40,79,0.506,12,30,0.4,12,14,0.857,5,38,30,1,9,20,19,47,99,0.475,13,31,0.419,9,12,0.75,13,40,30,7,2,9,16
18110,OKC,18,24/11/17,Home,DET,L,98,99,42,98,0.429,8,32,0.25,6,8,0.75,13,45,22,13,6,14,12,39,84,0.464,14,37,0.378,7,9,0.778,8,43,22,6,5,20,17
19111,ORL,19,24/11/17,Away,BOS,L,103,118,41,95,0.432,9,24,0.375,12,19,0.632,16,51,21,6,4,12,16,42,91,0.462,17,42,0.405,17,25,0.68,13,46,27,6,10,8,20
20113,PHO,20,24/11/17,Home,NOP,L,91,115,37,94,0.394,2,20,0.1,15,18,0.833,15,48,12,9,6,16,18,45,91,0.495,9,27,0.333,16,22,0.727,13,49,29,10,4,15,18
19114,POR,19,24/11/17,Away,BRK,W,127,125,48,96,0.5,6,15,0.4,25,35,0.714,12,45,24,5,13,7,16,50,100,0.5,10,25,0.4,15,21,0.714,13,47,25,4,6,9,22
18117,TOR,18,24/11/17,Away,IND,L,104,107,40,81,0.494,9,30,0.3,15,20,0.75,7,42,17,14,4,18,20,38,83,0.458,11,26,0.423,20,27,0.741,10,41,19,10,3,16,18
1890,ATL,18,22/11/17,Home,LAC,L,103,116,40,83,0.482,10,29,0.345,13,15,0.867,9,36,26,10,2,15,20,44,76,0.579,15,30,0.5,13,19,0.684,6,33,30,7,4,15,15
1991,BOS,19,22/11/17,Away,MIA,L,98,104,35,84,0.417,9,26,0.346,19,27,0.704,7,37,19,11,4,11,19,40,81,0.494,10,28,0.357,14,16,0.875,7,48,20,3,4,16,22
1792,BRK,17,22/11/17,Away,CLE,L,109,119,42,81,0.519,14,37,0.378,11,16,0.688,8,42,26,5,2,19,21,43,82,0.524,14,34,0.412,19,27,0.704,4,33,21,8,2,10,19
1793,CHO,17,22/11/17,Home,WAS,W,129,124,43,91,0.473,10,28,0.357,33,40,0.825,14,48,23,5,5,11,20,48,99,0.485,11,33,0.333,17,22,0.773,9,43,25,4,6,12,29
1694,CHI,16,22/11/17,Away,UTA,L,80,110,29,78,0.372,5,21,0.238,17,20,0.85,8,43,15,3,1,16,21,40,86,0.465,14,35,0.4,16,19,0.842,8,45,23,10,5,7,15
1895,CLE,18,22/11/17,Home,BRK,W,119,109,43,82,0.524,14,34,0.412,19,27,0.704,4,33,21,8,2,10,19,42,81,0.519,14,37,0.378,11,16,0.688,8,42,26,5,2,19,21
1996,DAL,19,22/11/17,Away,MEM,W,95,94,39,91,0.429,9,28,0.321,8,16,0.5,4,40,23,9,2,8,14,37,81,0.457,7,29,0.241,13,14,0.929,6,52,25,7,6,17,25
1897,DEN,18,22/11/17,Away,HOU,L,95,125,35,87,0.402,10,33,0.303,15,23,0.652,15,43,19,11,5,19,14,45,82,0.549,18,41,0.439,17,23,0.739,8,46,30,13,4,18,22
1899,GSW,18,22/11/17,Away,OKC,L,91,108,33,80,0.413,10,31,0.323,15,18,0.833,7,39,22,11,8,22,20,41,90,0.456,8,25,0.32,18,26,0.692,13,50,16,15,5,16,21
18100,HOU,18,22/11/17,Home,DEN,W,125,95,45,82,0.549,18,41,0.439,17,23,0.739,8,46,30,13,4,18,22,35,87,0.402,10,33,0.303,15,23,0.652,15,43,19,11,5,19,14
17102,LAC,17,22/11/17,Away,ATL,W,116,103,44,76,0.579,15,30,0.5,13,19,0.684,6,33,30,7,4,15,15,40,83,0.482,10,29,0.345,13,15,0.867,9,36,26,10,2,15,20
19103,LAL,19,22/11/17,Away,SAC,L,102,113,39,78,0.5,15,29,0.517,9,15,0.6,4,31,27,8,4,17,19,47,85,0.553,10,21,0.476,9,14,0.643,10,44,26,9,4,17,20
17104,MEM,17,22/11/17,Home,DAL,L,94,95,37,81,0.457,7,29,0.241,13,14,0.929,6,52,25,7,6,17,25,39,91,0.429,9,28,0.321,8,16,0.5,4,40,23,9,2,8,14
17105,MIA,17,22/11/17,Home,BOS,W,104,98,40,81,0.494,10,28,0.357,14,16,0.875,7,48,20,3,4,16,22,35,84,0.417,9,26,0.346,19,27,0.704,7,37,19,11,4,11,19
17106,MIL,17,22/11/17,Away,PHO,W,113,107,42,97,0.433,8,29,0.276,21,31,0.677,13,42,19,16,6,14,30,37,93,0.398,7,22,0.318,26,33,0.788,22,60,15,7,9,29,26
18107,MIN,18,22/11/17,Home,ORL,W,124,118,40,87,0.46,8,23,0.348,36,45,0.8,10,42,22,9,3,7,17,46,91,0.505,12,37,0.324,14,22,0.636,7,44,28,4,4,14,31
18108,NOP,18,22/11/17,Home,SAS,W,107,90,39,81,0.481,7,24,0.292,22,24,0.917,7,45,23,7,2,15,18,35,88,0.398,6,24,0.25,14,15,0.933,8,39,22,10,5,15,23
17109,NYK,17,22/11/17,Home,TOR,W,108,100,43,93,0.462,8,24,0.333,14,17,0.824,13,47,29,8,7,11,19,37,87,0.425,14,38,0.368,12,18,0.667,12,42,21,4,10,15,23
17110,OKC,17,22/11/17,Home,GSW,W,108,91,41,90,0.456,8,25,0.32,18,26,0.692,13,50,16,15,5,16,21,33,80,0.413,10,31,0.323,15,18,0.833,7,39,22,11,8,22,20
18111,ORL,18,22/11/17,Away,MIN,L,118,124,46,91,0.505,12,37,0.324,14,22,0.636,7,44,28,4,4,14,31,40,87,0.46,8,23,0.348,36,45,0.8,10,42,22,9,3,7,17
17112,PHI,17,22/11/17,Home,POR,W,101,81,39,90,0.433,11,32,0.344,12,17,0.706,11,57,23,12,8,18,21,30,89,0.337,7,26,0.269,14,24,0.583,11,48,14,8,6,17,17
19113,PHO,19,22/11/17,Home,MIL,L,107,113,37,93,0.398,7,22,0.318,26,33,0.788,22,60,15,7,9,29,26,42,97,0.433,8,29,0.276,21,31,0.677,13,42,19,16,6,14,30
18114,POR,18,22/11/17,Away,PHI,L,81,101,30,89,0.337,7,26,0.269,14,24,0.583,11,48,14,8,6,17,17,39,90,0.433,11,32,0.344,12,17,0.706,11,57,23,12,8,18,21
18115,SAC,18,22/11/17,Home,LAL,W,113,102,47,85,0.553,10,21,0.476,9,14,0.643,10,44,26,9,4,17,20,39,78,0.5,15,29,0.517,9,15,0.6,4,31,27,8,4,17,19
18116,SAS,18,22/11/17,Away,NOP,L,90,107,35,88,0.398,6,24,0.25,14,15,0.933,8,39,22,10,5,15,23,39,81,0.481,7,24,0.292,22,24,0.917,7,45,23,7,2,15,18
17117,TOR,17,22/11/17,Away,NYK,L,100,108,37,87,0.425,14,38,0.368,12,18,0.667,12,42,21,4,10,15,23,43,93,0.462,8,24,0.333,14,17,0.824,13,47,29,8,7,11,19
19118,UTA,19,22/11/17,Home,CHI,W,110,80,40,86,0.465,14,35,0.4,16,19,0.842,8,45,23,10,5,7,15,29,78,0.372,5,21,0.238,17,20,0.85,8,43,15,3,1,16,21
18119,WAS,18,22/11/17,Away,CHO,L,124,129,48,99,0.485,11,33,0.333,17,22,0.773,9,43,25,4,6,12,29,43,91,0.473,10,28,0.357,33,40,0.825,14,48,23,5,5,11,20
1594,CHI,15,21/11/17,Away,LAL,L,94,103,36,94,0.383,11,36,0.306,11,16,0.688,15,54,22,4,4,14,19,36,90,0.4,13,40,0.325,18,25,0.72,12,53,23,7,6,12,16
18103,LAL,18,21/11/17,Home,CHI,W,103,94,36,90,0.4,13,40,0.325,18,25,0.72,12,53,23,7,6,12,16,36,94,0.383,11,36,0.306,11,16,0.688,15,54,22,4,4,14,19